,topics0,topics1,topics2,topics3
doc0,0.0009143122680387262,0.000914238267469642,0.0009143338342609959,0.9972571156302307
doc1,0.9988250861186502,0.00039166966532296256,0.00039163308163196584,0.0003916111343949063
doc2,0.5882682478992304,0.0005801942189267734,0.31520389691086653,0.09594766097097632
doc3,0.2961170956270311,0.001805352582730193,0.7002721913330018,0.001805360457236939
doc4,0.6889068205085304,0.304049480246178,0.003521972682887546,0.003521726562403976
doc5,0.7544749993511354,0.17825050547871757,0.0661802300017393,0.0010942651684078687
doc6,0.0015064428568531275,0.2454030641093626,0.7515841513287211,0.001506341705063243
doc7,0.2724170006787909,0.000522577871410082,0.7178748218141497,0.009185599635649308
doc8,0.6859047352631146,0.21519021961060536,0.08156361791081705,0.01734142721546305
doc9,0.07501060316823846,0.9074454813730346,0.0009490846555671658,0.016594830803159752
doc10,0.0013444477559803705,0.7039820487893668,0.24759025180066616,0.047083251653986885
doc11,0.11006408919963144,0.8889068330820503,0.0005145377359435907,0.0005145399823746284
doc12,0.09186861692478034,0.0006355037365049548,0.8733832288468751,0.03411265049183952
doc13,0.4421856486841058,0.556399601324618,0.0007074348736926598,0.0007073151175834807
doc14,0.07653713758642305,0.6481736518445816,0.04296355461724049,0.232325655951755
doc15,0.0009143122680387262,0.000914238267469642,0.0009143338342609959,0.9972571156302307
doc16,0.0009143122680387262,0.000914238267469642,0.0009143338342609959,0.9972571156302307
doc17,0.49641734844209134,0.0009963571783873312,0.48849928809282633,0.014087006286695066
doc18,0.13788352755835362,0.18897474175913231,0.6720592819803246,0.0010824487021893563
doc19,0.7407708147814115,0.2585182769387064,0.0003554680677354478,0.0003554402121467639
doc20,0.001400972759789883,0.12537921063859533,0.8718191359943589,0.0014006806072557906
doc21,0.4950665215659114,0.1593892556049541,0.3449772771277992,0.0005669457013352144
doc22,0.002155874068849377,0.14635943262774806,0.8493288462610149,0.002155847042387617
doc23,0.9981746156942639,0.0006084623102460509,0.0006084815094826893,0.0006084404860072205
doc24,0.8940479683835362,0.0008744016404567304,0.10420321749002365,0.000874412485983463
doc25,0.417868524878886,0.0004477649771576189,0.5608417115788673,0.020841998565088983
doc26,0.996919059376591,0.001027115084443803,0.0010270338281537078,0.0010267917108115678
doc27,0.0010485407451823517,0.18378236850408372,0.7927524078589608,0.022416682891773065
doc28,0.49796712366003154,0.39662453362286876,0.07110878748388529,0.03429955523321452
doc29,0.4336968526939336,0.2627168833630593,0.24588490980817476,0.057701354134832294
doc30,0.3219154080546304,0.001185177193776233,0.6300826733271996,0.04681674142439392
doc31,0.778792725200515,0.1707702096308776,0.049318359145943506,0.001118706022663806
doc32,0.31430684599255804,0.24065733461820613,0.4440869454456751,0.0009488739435607425
doc33,0.0016838314899015273,0.9116158901157951,0.0016840124972793441,0.08501626589702406
doc34,0.8068472034171282,0.19232407905634896,0.0004143900482948982,0.00041432747822793764
doc35,0.001420783943910354,0.9957373163562273,0.0014207378492790633,0.00142116185058336
doc36,0.0035224059302395973,0.9894341417581544,0.0035220833027659344,0.0035213690088400063
doc37,0.06734752715069024,0.24254655598055802,0.6887616426124137,0.0013442742563378619
doc38,0.3612651545995149,0.16449862642985744,0.4733619409317863,0.0008742780388413691
doc39,0.38220739931515674,0.34752420294761893,0.27002698228534716,0.00024141545187711784
doc40,0.41299608319986714,0.003290820776902277,0.5804229242088431,0.0032901718143874626
doc41,0.0009313832136669187,0.4423356252442877,0.10085650811724592,0.4558764834247995
doc42,0.0009580540601118081,0.6439822149499893,0.0009580909787505669,0.35410164001114824
doc43,0.0018055973810911627,0.8234998797532964,0.172889095913342,0.001805426952270395
doc44,0.0011713525046129574,0.0011713145301867984,0.9964862707652823,0.001171062199917935
doc45,0.0007387175117191508,0.560764167757743,0.4377584614217741,0.000738653308763827
doc46,0.7269387230294301,0.2707188672856075,0.0011712732086279428,0.0011711364763344568
doc47,0.7968222763254895,0.07376390545347115,0.08076129757935502,0.04865252064168435
doc48,0.21845256078551517,0.0005041528390388022,0.7805391437596882,0.000504142615757885
doc49,0.789405739412806,0.19514679226403964,0.00034206873698834563,0.015105399586166078
doc50,0.14196000350516638,0.31454067506516953,0.5414746305419829,0.0020246908876813026
doc51,0.0009963485119772874,0.00099616525301823,0.0009961344587009386,0.9970113517763035
doc52,0.26851809274087046,0.0010165200314551297,0.7075677720569545,0.02289761517071999
doc53,0.6121394406579462,0.0782238365728011,0.2193503071761169,0.09028641559313569
doc54,0.9936691287999984,0.002110243298534016,0.002110291921384091,0.002110335980083525
doc55,0.8547049846744015,0.0006926924687817904,0.1439096545454429,0.0006926683113737641
doc56,0.8542912158772236,0.14460603109774411,0.0005513814637423394,0.0005513715612900347
doc57,0.0010485126216263584,0.28633345457568854,0.7115696173874765,0.0010484154152088031
doc58,0.0017425114362639548,0.0017424531032098646,0.9947725713897861,0.0017424640707399722
doc59,0.57355961573998,0.4238215205272595,0.0013093994229864856,0.0013094643097739203
doc60,0.3083888276254127,0.21241345814160442,0.4545056236911249,0.024692090541857874
doc61,0.001059498660268841,0.001059670174762007,0.9968213790348428,0.0010594521301262787
doc62,0.0009963485119772874,0.00099616525301823,0.0009961344587009386,0.9970113517763035
doc63,0.4480466723767889,0.0011712448063440463,0.5496108404578841,0.0011712423589829318
doc64,0.0009963485119772874,0.00099616525301823,0.0009961344587009386,0.9970113517763035
doc65,0.24756655972958835,0.03885529768180097,0.48630184400982807,0.22727629857878262
doc66,0.9977334615529624,0.0007555458017532125,0.0007555626716650273,0.0007554299736191959
doc67,0.7526526920424382,0.0010826021756052751,0.24518213992645405,0.001082565855502463
doc68,0.21039170892076864,0.12527751899846087,0.6636871099828241,0.0006436620979465032
doc69,0.0019459173734486092,0.994162382064403,0.001945946224562208,0.0019457543375861067
doc70,0.284586647018705,0.0011188646328137704,0.6897264814562164,0.02456800689226477
doc71,0.951563933223941,0.0015064108720035305,0.04542343938313506,0.001506216520920333
doc72,0.3417320465613657,0.0015532977582893277,0.6551616432394276,0.0015530124409173745
doc73,0.15331200741742165,0.0011852175933699685,0.8443176564599677,0.0011851185292406977
doc74,0.0006786174978968413,0.0006785388840441634,0.9641789082395779,0.034463935378481164
doc75,0.0006478252097359936,0.4484950374459087,0.509812574516023,0.041044562828332236
doc76,0.14586566246968094,0.844327135853896,0.004903259254129907,0.004903942422293173
doc77,0.12645536976091074,0.870389180406586,0.0015777840576081644,0.0015776657748950657
doc78,0.0011575999327075555,0.9965271730226314,0.0011576063275429576,0.001157620717117966
doc79,0.21931295325851505,0.645096003725823,0.13393488549981955,0.0016561575158424312
doc80,0.3259397130076201,0.23451249353409076,0.4382211297664734,0.001326663691815868
doc81,0.0019093572288305448,0.994272945636706,0.001909086565272061,0.0019086105691912773
doc82,0.013517596299820705,0.9594480056542783,0.013519773071071066,0.013514624974829848
doc83,0.001529414302498062,0.995411568163204,0.0015294457908777348,0.0015295717434201444
doc84,0.001275907784150002,0.4492192864319445,0.5482291011670682,0.0012757046168373328
doc85,0.9975484137990673,0.0008171588574822152,0.0008172487357481904,0.0008171786077022974
doc86,0.0014839655893344574,0.705077581626987,0.2919546081640538,0.0014838446196247042
doc87,0.9270884301594475,0.06975603792623498,0.0015777238925576828,0.001577808021759871
doc88,0.032191350545700104,0.0012923933731817676,0.9652240362550553,0.0012922198260628612
doc89,0.42389617530107565,0.43772000547663664,0.005156719839002308,0.13322709938328547
doc90,0.3131170963899816,0.0008979278860576366,0.685087148704191,0.0008978270197698725
doc91,0.055864607434546715,0.46893935764908506,0.47272044601027763,0.0024755889060906447
doc92,0.4072909515044863,0.3676231540280187,0.22396699015370436,0.0011189043137906378
doc93,0.36281652811857734,0.2692825440549332,0.3239685177822534,0.043932410044236085
doc94,0.9976446652959088,0.0007851675795511616,0.0007851434336313596,0.0007850236909086556
doc95,0.16551000469732877,0.05335893040574954,0.7805542972339992,0.000576767662922577
doc96,0.2188400178755439,0.6723186384926919,0.10821378452890934,0.0006275591028548377
doc97,0.08704958059195822,0.06574480972234886,0.845991707124355,0.0012139025613380466
doc98,0.04832634544439141,0.25337584861076573,0.6976542010629133,0.0006436048819295659
doc99,0.2772913173029031,0.03669878900110587,0.6855205780190388,0.0004893156769521946
doc100,0.6118437670315697,0.001094432560974558,0.38596737135718273,0.0010944290502729183
doc101,0.000996197447998123,0.08261036286840026,0.895144579416853,0.021248860266748628
doc102,0.002674582713004941,0.41366522080884693,0.5809858305474939,0.002674365930654335
doc103,0.1970789895416555,0.0005067565339639972,0.8019075688091745,0.0005066851152059936
doc104,0.5617443493444139,0.0011064785336472557,0.4360427366568275,0.0011064354651114509
doc105,0.169168571067689,0.3250418176755397,0.5047071899406157,0.0010824213161555669
doc106,0.001213915789630509,0.042241198738300706,0.9553310190537928,0.0012138664182760532
doc107,0.28769640194003976,0.15533101112220332,0.5540651603775297,0.002907426560227175
doc108,0.5501539924587272,0.4483350257868708,0.0007555556182241353,0.0007554261361779642
doc109,0.005156345298833211,0.9065346214081833,0.005156895872773396,0.08315213742021005
doc110,0.29071225525006406,0.5180590226594621,0.18920376810174283,0.00202495398873102
doc111,0.12004736897065017,0.20752473748177705,0.670654579793541,0.0017733137540317954
doc112,0.1247500882248431,0.0009314893955848628,0.0009314343362242883,0.8733869880433477
doc113,0.1247500882248431,0.0009314893955848628,0.0009314343362242883,0.8733869880433477
doc114,0.7229359015916222,0.0012921863204392295,0.25572069001432945,0.02005122207360919
doc115,0.9980436450759507,0.0006521163528498847,0.0006520301042335077,0.0006522084669660414
doc116,0.9955479308141301,0.0014840123442587862,0.0014839730932720556,0.0014840837483392271
doc117,0.8850859945024239,0.1133437042143626,0.000785120364226996,0.0007851809189866145
doc118,0.2765895965649255,0.12354462645086307,0.5979570522756895,0.0019087247085218114
doc119,0.8084370960946524,0.11977107494929744,0.0008520242658316311,0.07093980469021852
doc120,0.0019090492293265076,0.4716793797473943,0.3677405059053711,0.15867106511790804
doc121,0.9927518133792158,0.0024161124884359325,0.0024160811347085976,0.002415992997639601
doc122,0.27862012741631914,0.0014207328659827352,0.7185382198586633,0.001420919859034745
doc123,0.0017423728741761105,0.9947724922964446,0.0017425521413225854,0.001742582688056713
doc124,0.4332500121434985,0.174680103571447,0.3917760596967935,0.00029382458826084806
doc125,0.002252761914942193,0.1714693557170933,0.8240252023246549,0.0022526800433095395
doc126,0.45557180198218866,0.0011712512723377967,0.5420857017390025,0.0011712450064710635
doc127,0.28984577764759795,0.000744243370634347,0.708665717974496,0.0007442610072717529
doc128,0.676089482299763,0.13858798704582123,0.1198930736064025,0.06542945704801348
doc129,0.3159274652614573,0.6774919558485847,0.0032906922470342654,0.0032898866429237
doc130,0.2820706022401355,0.7145042592727409,0.0017125921406338247,0.0017125463464898437
doc131,0.0014622488993115057,0.9956132010785677,0.0014622856542330614,0.0014622643678878662
doc132,0.47961494944166577,0.32467970754246134,0.19465692311820043,0.0010484198976725798
doc133,0.8744129955595418,0.0011992801535561858,0.12318855868559643,0.0011991656013056176
doc134,0.4019675487916822,0.5202739663477621,0.07671001782895462,0.0010484670316010549
doc135,0.5501539924587272,0.4483350257868708,0.0007555556182241353,0.0007554261361779642
doc136,0.14421849439465834,0.6014291153613645,0.2530765879890218,0.0012758022549555369
doc137,0.08827619217926966,0.910740206759148,0.0004917941734541393,0.0004918068881282742
doc138,0.0021558664481987214,0.8522638309367591,0.14342466075672464,0.002155641858317582
doc139,0.3625166518276052,0.6299049648404762,0.0037887299025644743,0.0037896534293541282
doc140,0.32480519228103266,0.5268161042489345,0.14570427896612406,0.002674424503908563
doc141,0.8341220723127729,0.1615665546741984,0.002155828265940641,0.0021555447470882503
doc142,0.0014840326818442479,0.2724070296820241,0.7246249435663353,0.0014839940697964167
doc143,0.8341220723127729,0.1615665546741984,0.002155828265940641,0.0021555447470882503
doc144,0.6157342598962938,0.2983046273777648,0.08491203200934609,0.001049080716595266
doc145,0.001553089232070687,0.27097683205432316,0.7259171177225472,0.0015529609910590618
doc146,0.5688516722674943,0.3866962125716308,0.0023592613701462974,0.04209285379072863
doc147,0.7325666743942578,0.26467003216301094,0.0013815888089125227,0.0013817046338186578
doc148,0.4748005069734896,0.0032907232282332432,0.5186187453950922,0.0032900244031849666
doc149,0.7661828009966384,0.12316119464172737,0.0013815968930817426,0.10927440746855263
doc150,0.4086755358926628,0.5878987328879802,0.0017128701138701124,0.0017128611054868102
doc151,0.6706766303754683,0.001805700792282563,0.325712373320368,0.0018052955118811357
doc152,0.9866164405308234,0.0008040743615490788,0.0008041233404576833,0.01177536176716976
doc153,0.9064104015973456,0.0013626308303778816,0.09086358776537638,0.0013633798068999354
doc154,0.002674326538581047,0.002674750184518978,0.9919765087021064,0.002674414574793473
doc155,0.4257566599472868,0.0004991241819529001,0.0004991597090201343,0.5732450561617402
doc156,0.9990333196903346,0.0003222276502473395,0.00032223732372708123,0.0003222153356908114
doc157,0.0015294323105422094,0.001529420177654909,0.9954118214370109,0.0015293260747918092
doc158,0.3435348782427903,0.0014010524105204079,0.6536628422650275,0.0014012270816617088
doc159,0.3182856935596416,0.15742802474630507,0.30143476795264135,0.22285151374141207
doc160,0.9881867671116522,0.003938127917624287,0.003937671221817319,0.003937433748906216
doc161,0.0009673582011852444,0.48686877712026844,0.5111966117000039,0.0009672529785423351
doc162,0.0009313959620781879,0.0009313687370189279,0.9972058949857593,0.0009313403151435935
doc163,0.7596788540812972,0.0007612109596030218,0.23879881065321013,0.000761124305889692
doc164,0.001199370752534454,0.9964016966637991,0.0011994946879510793,0.001199437895715476
doc165,0.7444218924363385,0.0010165959368967751,0.25354507445555696,0.001016437171207825
doc166,0.5965362390273153,0.4021680871590601,0.0006478723937058742,0.0006478014199185609
doc167,0.7331697119270355,0.0009313762120126464,0.2649676269097713,0.0009312849511805233
doc168,0.0007730174367044357,0.9976807902212905,0.0007730720440586438,0.0007731202979464569
doc169,0.0009863404923361526,0.0009863859660106348,0.000986300554973795,0.9970409729866794
doc170,0.0009863404923361526,0.0009863859660106348,0.000986300554973795,0.9970409729866794
doc171,0.0015778741048704413,0.0015778522733989587,0.995266795446846,0.0015774781748846113
doc172,0.005156429308243166,0.9845325774449483,0.005155503245919124,0.005155490000889555
doc173,0.0019847051355870956,0.130356677409383,0.8656741421579497,0.0019844752970800466
doc174,0.18937365429192912,0.0013626376789676886,0.6851265959077151,0.12413711212138812
doc175,0.5073100711158056,0.0019461994854777186,0.38718131461295824,0.10356241478575835
doc176,0.0014009311713901731,0.0014011438539314604,0.9957970380207357,0.0014008869539425843
doc177,0.8084370960946524,0.11977107494929744,0.0008520242658316311,0.07093980469021852
doc178,0.34252526838744907,0.0017129353726799234,0.6540490412124113,0.0017127550274597138
doc179,0.6242382850673251,0.3090217745243619,0.0021555772239167017,0.06458436318439621
doc180,0.00037832544572064127,0.6876728503359073,0.2718125421947862,0.04013628202358588
doc181,0.0007851788081617346,0.5544526552911067,0.44397714583397674,0.0007850200667547472
doc182,0.796276924595169,0.0012138448269588158,0.20129523472592006,0.001213995851952117
doc183,0.04862563651317024,0.6818577039361872,0.2687436692225709,0.0007729903280716969
doc184,0.3101601904056203,0.12683985480502197,0.5621257044007331,0.0008742503886246322
doc185,0.002747699640895048,0.0027486081669276722,0.9917562039729519,0.002747488219225352
doc186,0.7047335122217334,0.0268165864083022,0.25247733889653506,0.01597256247342943
doc187,0.12540176697350033,0.0013627596652629602,0.8718727582332346,0.001362715128002002
doc188,0.12213348616966539,0.8407401369187958,0.00148411193868541,0.03564226497285349
doc189,0.5965362390273153,0.4021680871590601,0.0006478723937058742,0.0006478014199185609
doc190,0.3726179111031593,0.6248304307326252,0.0012758228339803145,0.001275835330235402
doc191,0.6702193560843863,0.3271277664904695,0.001326453284835033,0.0013264241403091047
doc192,0.6403369617664653,0.35778287999650166,0.0009401817470696211,0.0009399764899633819
doc193,0.0006695765924989155,0.806727591930077,0.19193333313204786,0.0006694983453762941
doc194,0.7743802550303928,0.004465906788119562,0.216688233479775,0.0044656047017128
doc195,0.0029947809031956553,0.8374096428558417,0.10540603294844664,0.054189543292516094
doc196,0.0026746723602187666,0.9919765606285306,0.002674455348015616,0.002674311663234879
doc197,0.0014841095643253726,0.928360198174656,0.0014841809447698677,0.06867151131624871
doc198,0.0019460222566957323,0.001946219107381223,0.9941618196135629,0.001945939022360125
doc199,0.8386657032130602,0.002605008400708193,0.0026050754757745527,0.15612421291045708
doc200,0.8327548976637368,0.0008820537441843119,0.15148394396032785,0.014879104631751051
doc201,0.1470569922837832,0.0022527563271966446,0.8484373609117468,0.0022528904772733823
doc202,0.4267943611789098,0.001908908701293502,0.5693881882079364,0.0019085419118603604
doc203,0.16067287252375445,0.31817138170398823,0.5200849142959703,0.0010708314762869749
doc204,0.7283222541547713,0.0007913275768553133,0.15688708628765569,0.11399933198071784
doc205,0.9946797942466229,0.0017734595883956315,0.0017735116630775232,0.001773234501903953
doc206,0.9866164405308234,0.0008040743615490788,0.0008041233404576833,0.01177536176716976
doc207,0.9954806792020175,0.001506495513999601,0.0015065813657375244,0.0015062439182453816
doc208,0.0021101641697066323,0.0021101390632071067,0.9936694062954502,0.002110290471636124
doc209,0.24687069541256987,0.05271865838244181,0.6998022257014159,0.0006084205035723337
doc210,0.15621248597362156,0.2934352368925868,0.5495480925875667,0.0008041845462250962
doc211,0.0004754247847612278,0.00047536101564507686,0.9228716777089674,0.07617753649062642
doc212,0.9974219735983969,0.0008593507858309108,0.0008593532746473982,0.0008593223411246963
doc213,0.05748522737795978,0.2518657349732383,0.6903288370926882,0.00032020055611360306
doc214,0.7796627570171804,0.0024756667140340477,0.002476012802873341,0.2153855634659122
doc215,0.8750654025874466,0.0010825942960482236,0.12276947044216817,0.0010825326743369864
doc216,0.0012597665468162228,0.11826377625047908,0.8792167597989295,0.0012596974037751463
doc217,0.6529395155961398,0.0005702880963080717,0.34591974511240847,0.0005704511951435254
doc218,0.7918986530554009,0.0006975287809783887,0.20670622099772976,0.0006975971658909864
doc219,0.34481370294527874,0.0017424873269971245,0.6517013996137662,0.0017424101139579004
doc220,0.9965666400352665,0.0011445268118164178,0.0011444762794416252,0.0011443568734755296
doc221,0.5872257595655913,0.4121882744171401,0.0002929958531583136,0.0002929701641101933
doc222,0.0010945296161234892,0.9967167452278997,0.0010944177947121616,0.0010943073612647912
doc223,0.19014792759063703,0.0006606752956004591,0.8085307956414772,0.0006606014722853231
doc224,0.001199370752534454,0.9964016966637991,0.0011994946879510793,0.001199437895715476
doc225,0.005156345298833211,0.9065346214081833,0.005156895872773396,0.08315213742021005
doc226,0.0009863404923361526,0.0009863859660106348,0.000986300554973795,0.9970409729866794
doc227,0.0009863404923361526,0.0009863859660106348,0.000986300554973795,0.9970409729866794
doc228,0.7811398925534001,0.21706417350342969,0.0008979662490560326,0.0008979676941141099
doc229,0.4939742413018666,0.0013627587956475395,0.5033003559480842,0.0013626439544015764
doc230,0.7673419423128028,0.23104997439027877,0.0008040965992348097,0.0008039866976834001
doc231,0.6377939002487832,0.25093470029380244,0.11078683730745414,0.00048456214996032645
doc232,0.3358602718900158,0.0012923152245552768,0.6615553076273454,0.0012921052580835092
doc233,0.3435348782427903,0.0014010524105204079,0.6536628422650275,0.0014012270816617088
doc234,0.00047095958612225003,0.8073759667802741,0.1643292312399312,0.02782384239367254
doc235,0.8084370960946524,0.11977107494929744,0.0008520242658316311,0.07093980469021852
doc236,0.7446231023102969,0.0005975034438785651,0.2541818348502921,0.0005975593955323057
doc237,0.004274333712889263,0.639802179218655,0.35164941301344504,0.004274074055010688
doc238,0.0007554270141598496,0.997733716180778,0.0007554621903564821,0.0007553946147057276
doc239,0.002203252639937277,0.22723799783486673,0.768355946490287,0.0022028030349089222
doc240,0.13457063604229152,0.3211013926513911,0.5427748095810087,0.0015531617253087575
doc241,0.7234827503940818,0.17022957960495871,0.0005119390754632063,0.10577573092549639
doc242,0.7922705400684562,0.20681345840093485,0.0004580129575531887,0.000457988573055857
doc243,0.9639800689614575,0.0007975977949962946,0.034424784430811366,0.0007975488127348338
doc244,0.0012440362407755143,0.996268039596856,0.0012439851629055176,0.0012439389994628556
doc245,0.16578292575709655,0.0003963027136813466,0.8194155052438867,0.014405266285335434
doc246,0.21507240759525284,0.6010464292934856,0.18266724434661225,0.0012139187646491906
doc247,0.7378459462911402,0.2601415088099353,0.0010063077866207177,0.0010062371123038616
doc248,0.001873223602564623,0.5454964525567773,0.4507573578606809,0.0018729659799771494
doc249,0.4280356707409343,0.5678307955808478,0.002066898810996072,0.002066634867221918
doc250,0.002604599829152622,0.44933127197360667,0.5454598627417291,0.002604265455511859
doc251,0.6734078291047959,0.1129976834405931,0.2109898649784836,0.00260462247612734
doc252,0.4257566599472868,0.0004991241819529001,0.0004991597090201343,0.5732450561617402
doc253,0.1470569922837832,0.0022527563271966446,0.8484373609117468,0.0022528904772733823
doc254,0.0011443955630647989,0.0011443790173475653,0.996566997087604,0.0011442283319835662
doc255,0.37690655265128126,0.3951707931623961,0.004903220224443736,0.22301943396187884
doc256,0.9980813925250406,0.0006395660514482019,0.0006395327165405852,0.000639508706970426
doc257,0.6193591082191722,0.0009143542009730312,0.37881225850648487,0.0009142790733698827
doc258,0.0016839996596260754,0.0016840656657613217,0.994947856468601,0.0016840782060116755
doc259,0.6617015502612749,0.03177442973868957,0.30602243744678576,0.000501582553249865
doc260,0.8567802941760997,0.1374037077323627,0.002907880511159512,0.002908117580378001
doc261,0.7562100795677875,0.000797648049505879,0.24219463891400322,0.0007976334687033188
doc262,0.000889965780266606,0.0008898811254976317,0.9973302908226508,0.0008898622715850979
doc263,0.38220739931515674,0.34752420294761893,0.27002698228534716,0.00024141545187711784
doc264,0.0014841906984383168,0.34077336391889196,0.6562585259620488,0.001483919420621091
doc265,0.3086131837474893,0.03836001777364364,0.5475471399175933,0.10547965856127361
doc266,0.07566312209993827,0.24479107971784309,0.5345203746815655,0.14502542350065303
doc267,0.0014009318623650607,0.0014010351630724623,0.9957971184384788,0.0014009145360835008
doc268,0.6373665864438127,0.0011852227497037135,0.3602632293348328,0.0011849614716506562
doc269,0.4429679301008858,0.00034685406895559683,0.5563383830940771,0.00034683273608143505
doc270,0.1815231193030733,0.0018387449304546292,0.8147996077368682,0.0018385280296038644
doc271,0.0008743953222719536,0.0008743433335664143,0.9973769754786087,0.0008742858655529005
doc272,0.002155856634657557,0.0021563517526980696,0.9935319970069579,0.002155794605686359
doc273,0.7263505892211937,0.0016028990482150293,0.2704438698132046,0.0016026419173866206
doc274,0.0007851317414808985,0.9705781292492697,0.0007851685901385512,0.027851570419110887
doc275,0.0005802345734673168,0.8145677324062051,0.18427187835127326,0.0005801546690544588
doc276,0.44365298136996756,0.5547127134598073,0.0008172217821988152,0.0008170833880261745
doc277,0.8273405737971531,0.1719934874751602,0.00033296978510845174,0.00033296894257806237
doc278,0.36754138718525925,0.6033392240057202,0.0020668380998073643,0.02705255070921313
doc279,0.37690655265128126,0.3951707931623961,0.004903220224443736,0.22301943396187884
doc280,0.0009863404923361526,0.0009863859660106348,0.000986300554973795,0.9970409729866794
doc281,0.0009863404923361526,0.0009863859660106348,0.000986300554973795,0.9970409729866794
doc282,0.5385171970736303,0.003938392360273283,0.3308275560070731,0.12671685455902326
doc283,0.9974219735983969,0.0008593507858309108,0.0008593532746473982,0.0008593223411246963
doc284,0.0008378329902962774,0.23294687101960737,0.7653775786720336,0.0008377173180628842
doc285,0.000889965780266606,0.0008898811254976317,0.9973302908226508,0.0008898622715850979
doc286,0.0008377958914890922,0.04156397117842443,0.9567605895040837,0.0008376434260026766
doc287,0.002748021292488351,0.9917565436285528,0.0027476156690154183,0.002747819409943408
doc288,0.9991106183590213,0.0002964791977710171,0.0002964680267766189,0.0002964344164310937
doc289,0.2808340225815686,0.6409185688087591,0.0009864228063281156,0.07726098580334437
doc290,0.11402149246386506,0.8849052839874958,0.0005366154331727233,0.0005366081154666308
doc291,0.3549952632567794,0.000707387524088706,0.6211775562476697,0.023119792971462258
doc292,0.6784038148768637,0.15766637817164986,0.15472415458017713,0.009205652371309414
doc293,0.2315819895504212,0.43473439924009466,0.2793228233241395,0.05436078788534466
doc294,0.8920953150213988,0.10735571895625295,0.0002744826898490518,0.0002744833324991436
doc295,0.34644230198174153,0.6299195586351123,0.00034208685382803726,0.023296052529318215
doc296,0.9368208295399465,0.000785134894889638,0.06160867964804922,0.0007853559171146165
doc297,0.40650529960677884,0.0008377816055611524,0.5918192496322305,0.0008376691554295196
doc298,0.6337308814718693,0.1916436918078409,0.1737195006368041,0.0009059260834857343
doc299,0.0030871931719670107,0.2658807844075201,0.7279450916178729,0.0030869308026400025
doc300,0.5771995947160816,0.28449794298684866,0.13728608716337737,0.0010163751336923954
doc301,0.0005575599384478974,0.8559261840179172,0.14295877261382392,0.0005574834298109628
doc302,0.0007023948250099244,0.9978928179024176,0.0007024330273264593,0.0007023542452460328
doc303,0.0011853024096733955,0.996444088369905,0.0011852718177157468,0.001185337402705903
doc304,0.4206683453914926,0.5746136662669387,0.0023591987055965715,0.0023587896359719405
doc305,0.05805618675548094,0.8927981959817739,0.04860320274827539,0.000542414514469751
doc306,0.4444590522098755,0.5501918657598851,0.0026745086358638897,0.002674573394375422
doc307,0.4952636713694013,0.5039739746756007,0.0003812102717849252,0.0003811436832130557
doc308,0.5460030800620329,0.0015064582586380541,0.4509842526405785,0.0015062090387507035
doc309,0.7771140576434228,0.0022033225567206433,0.21847949010933632,0.002203129690520313
doc310,0.6530850348799646,0.0005041551456437235,0.30849279130996227,0.03791801866442937
doc311,0.30856808417107034,0.6897975011242938,0.0008172656119516395,0.0008171490926841201
doc312,0.16578292575709655,0.0003963027136813466,0.8194155052438867,0.014405266285335434
doc313,0.8273405737971531,0.1719934874751602,0.00033296978510845174,0.00033296894257806237
doc314,0.11831308778366265,0.003290266546541688,0.8751067402465056,0.0032899054232899956
doc315,0.9256636165582596,0.0537714620022478,0.020247817594764385,0.0003171038447284726
doc316,0.8570504937333197,0.1420619824119721,0.000443796325541633,0.000443727529166674
doc317,0.34454868386545956,0.17722509322561772,0.47762865432983226,0.0005975685790903902
doc318,0.00045592525132804793,0.12092957147397686,0.8781586512055162,0.0004558520691789173
doc319,0.38278304592703816,0.07726922799916079,0.3689863254032113,0.17096140067058974
doc320,0.871282174460318,0.0010596410402490784,0.12659856883234025,0.001059615667092799
doc321,0.04362384498315037,0.0008821300402357764,0.9546120415382473,0.0008819834383665318
doc322,0.5126761818036828,0.2720238911258123,0.214819973710022,0.0004799533604829294
doc323,0.002066780796971143,0.0020664307467593217,0.9938004016492877,0.0020663868069817647
doc324,0.9968545995117288,0.0010484320915324493,0.0010485150169759305,0.001048453379762668
doc325,0.0012139719166839229,0.0012137293049383055,0.9963585291661112,0.001213769612266515
doc326,0.25857162772550935,0.7402943514821707,0.0005670214042485501,0.0005669993880713034
doc327,0.4728860864392092,0.000631511170512835,0.5258509903614199,0.0006314120288579433
doc328,0.0006832895317918028,0.49173903000434965,0.30868450678221915,0.1988931736816395
doc329,0.44365298136996756,0.5547127134598073,0.0008172217821988152,0.0008170833880261745
doc330,0.14138759665325087,0.8170885386798118,0.0006927268614459611,0.04083113780549119
doc331,0.8834907615012484,0.0008744005773217707,0.11476021836327738,0.0008746195581525131
doc332,0.0004643720674425018,0.179610031939611,0.8194612787409518,0.0004643172519946801
doc333,0.0009400506438140964,0.0009402467211190362,0.000940119773334439,0.9971795828617324
doc334,0.0009400506438140964,0.0009402467211190362,0.000940119773334439,0.9971795828617324
doc335,0.2948650627992298,0.5018784117085728,0.2026406277688089,0.0006158977233885877
doc336,0.00045592525132804793,0.12092957147397686,0.8781586512055162,0.0004558520691789173
doc337,0.866593197938036,0.13253475727414293,0.0004360552538094443,0.0004359895340115809
doc338,0.4370544194658605,0.001048352655662068,0.5608489183838898,0.0010483094945874516
doc339,0.9991106183590213,0.0002964791977710171,0.0002964680267766189,0.0002964344164310937
doc340,0.29276679066199707,0.5384565989524787,0.1671205246365959,0.001656085748928415
doc341,0.2808340225815686,0.6409185688087591,0.0009864228063281156,0.07726098580334437
doc342,0.0010825546651696508,0.06254230275154514,0.9352927691447541,0.001082373438531153
doc343,0.0006084853219036385,0.9981746277280676,0.0006085472248053454,0.0006083397252235248
doc344,0.0017735410569288948,0.9946796346677658,0.0017733217198945281,0.0017735025554107828
doc345,0.002025117316186938,0.5970131853823424,0.39893692697051786,0.002024770330952962
doc346,0.9256636165582596,0.0537714620022478,0.020247817594764385,0.0003171038447284726
doc347,0.35476976794994214,0.42233269781905175,0.16986838440505272,0.05302914982595346
doc348,0.0007790145447039652,0.3071500657318555,0.6912919895813741,0.0007789301420664919
doc349,0.4728490721431963,0.0019847528614292203,0.5231814831065412,0.0019846918888332264
doc350,0.9100000324560402,0.0813147817162619,0.00038560054315184674,0.00829958528454608
doc351,0.480019697914681,0.25022329316884506,0.25202741458551337,0.01772959433096071
doc352,0.9961720501632895,0.0012760912051403238,0.001275904043972074,0.0012759545875982237
doc353,0.0019089875901232307,0.0019088171136918018,0.9942735189694247,0.0019086763267602519
doc354,0.8743557259081323,0.09537429363644173,0.0009401628226240892,0.02932981763280185
doc355,0.9962207050256775,0.0012597943593089219,0.0012596720744522507,0.0012598285405613899
doc356,0.00125978160644014,0.9962205477461207,0.0012600630245849637,0.0012596076228542177
doc357,0.1783015187596568,0.5110324810873784,0.16123435463710384,0.149431645515861
doc358,0.0007730867632117849,0.9813510162466466,0.0007730053609600959,0.017102891629181483
doc359,0.4600116263319119,0.5349112177983648,0.0025387411490457095,0.0025384147206776782
doc360,0.11402149246386506,0.8849052839874958,0.0005366154331727233,0.0005366081154666308
doc361,0.0017426065672683766,0.9255551391245719,0.0017429313902379226,0.07095932291792181
doc362,0.0005575599384478974,0.8559261840179172,0.14295877261382392,0.0005574834298109628
doc363,0.11327349226420763,0.8834684291306006,0.0016291778258362701,0.0016289007793555451
doc364,0.8643083556924932,0.13466788209261038,0.0005119408787116953,0.0005118213361848186
doc365,0.0029080019804261998,0.658554410432619,0.25475933957884384,0.08377824800811101
doc366,0.8273405737971531,0.1719934874751602,0.00033296978510845174,0.00033296894257806237
doc367,0.6530850348799646,0.0005041551456437235,0.30849279130996227,0.03791801866442937
doc368,0.4952636713694013,0.5039739746756007,0.0003812102717849252,0.0003811436832130557
doc369,0.002155856634657557,0.0021563517526980696,0.9935319970069579,0.002155794605686359
doc370,0.8325117944279037,0.10616558730819699,0.060382113662937144,0.0009405046009622053
doc371,0.7263505892211937,0.0016028990482150293,0.2704438698132046,0.0016026419173866206
doc372,0.4370544194658605,0.001048352655662068,0.5608489183838898,0.0010483094945874516
doc373,0.0028254605697288267,0.24140439474923367,0.7529447133285018,0.002825431352535838
doc374,0.9938005122411551,0.0020666636584615013,0.002066575300158397,0.0020662488002250535
doc375,0.25528921717299924,0.00040592575167523883,0.7438989405877006,0.00040591648762487156
doc376,0.6637088010417443,0.0007612260973610478,0.33476883812514324,0.0007611347357512388
doc377,0.0025389781713831125,0.9923836971110177,0.0025389322236292634,0.002538392493969991
doc378,0.49135366608050046,0.00352231469674054,0.11800723213621653,0.38711678708654235
doc379,0.45344002633900315,0.12231595144252494,0.42349422643808005,0.0007497957803918153
doc380,0.8758421754577115,0.0670680671025571,0.05643774066107396,0.0006520167786573303
doc381,0.731263931900828,0.21120586299793537,0.05669949078137385,0.0008307143198627909
doc382,0.0010485828621866727,0.07190999623616055,0.9259929487717513,0.0010484721299014923
doc383,0.9973997040834001,0.00086676256498986,0.0008668457535056175,0.0008666875981043462
doc384,0.596760909914026,0.2885866082511405,0.11386113493405621,0.0007913469007772479
doc385,0.9270261641695944,0.0716864463089859,0.0006437283635179738,0.0006436611579017303
doc386,0.9959117693643421,0.0013629965002484737,0.0013626681405507048,0.0013625659948585634
doc387,0.0007442691374588534,0.9182622920823209,0.000744332444039728,0.08024910633618043
doc388,0.4713688033940512,0.21735025147195802,0.2630621238640225,0.04821882126996835
doc389,0.0034023287744741563,0.9897930247898425,0.0034023477994946988,0.003402298636188523
doc390,0.9954115069382629,0.001529507753218654,0.0015295886655797763,0.0015293966429387642
doc391,0.7584010241848436,0.16028742126420537,0.0014840562468379696,0.07982749830411298
doc392,0.0008593165850102097,0.14560418798974514,0.0008593421305874437,0.8526771532946572
doc393,0.0008593165850102097,0.14560418798974514,0.0008593421305874437,0.8526771532946572
doc394,0.9976812267643356,0.0007729322221825106,0.0007729613629498948,0.0007728796505320578
doc395,0.5802363417280175,0.000536649558077212,0.4186903956429626,0.0005366130709425325
doc396,0.28640664774800834,0.0015533054759894129,0.7104868646798339,0.001553182096168214
doc397,0.0004643720674425018,0.179610031939611,0.8194612787409518,0.0004643172519946801
doc398,0.9984485064689846,0.0005171676758204566,0.0005171888502872379,0.0005171370049075929
doc399,0.0006740748015455416,0.40443671582781426,0.5942151410860927,0.0006740682845472544
doc400,0.0018055421207265176,0.8740129549960715,0.12237616139231061,0.0018053414908914248
doc401,0.6793231945019486,0.0014840985347206756,0.3177085978187781,0.001484109144552573
doc402,0.0716870652790917,0.0012599073744128711,0.9257928407921361,0.0012601865543592741
doc403,0.7784335712633016,0.00247614662076528,0.21661469418521523,0.0024755879307178158
doc404,0.49135366608050046,0.00352231469674054,0.11800723213621653,0.38711678708654235
doc405,0.658132448281917,0.0007554787944535205,0.34035668739989755,0.0007553855237320215
doc406,0.2967198847394388,0.21052754387823094,0.4923184560283646,0.000434115353965693
doc407,0.5653422584603307,0.002358811298318864,0.42994024331671243,0.0023586869246381478
doc408,0.9333856152253399,0.00032226674573402367,0.017058047662211438,0.04923407036671472
doc409,0.8473029230614789,0.07528510153835913,0.00042315418474223114,0.07698882121541968
doc410,0.9961720501632895,0.0012760912051403238,0.001275904043972074,0.0012759545875982237
doc411,0.42079267041869944,0.4313357074526353,0.14654505932559397,0.0013265628030712095
doc412,0.7275278664432775,0.08194958812442014,0.18942821897306486,0.0010943264592375706
doc413,0.6522499445842715,0.34494835249487993,0.001400977836408153,0.001400725084440394
doc414,0.7009430780383881,0.000890008427740516,0.29727704666851845,0.0008898668653529773
doc415,0.7119055472127831,0.2840447080392249,0.0020247125423301896,0.002025032205661815
doc416,0.6344761630986148,0.18121956138444123,0.18301203225971185,0.0012922432572322156
doc417,0.9923839980936086,0.002538826141216302,0.002538803621450086,0.0025383721437250034
doc418,0.11327349226420763,0.8834684291306006,0.0016291778258362701,0.0016289007793555451
doc419,0.004674221057776245,0.9859772273828399,0.004674737783833878,0.004673813775549995
doc420,0.0005575599384478974,0.8559261840179172,0.14295877261382392,0.0005574834298109628
doc421,0.004674221057776245,0.9859772273828399,0.004674737783833878,0.004673813775549995
doc422,0.15436139668550095,0.6499259051018039,0.1928053022561902,0.0029073959565050246
doc423,0.9957378295368278,0.0014208220823392667,0.0014207339091414988,0.0014206144716915141
doc424,0.0015533602921819361,0.11669296038318006,0.8802003863098881,0.0015532930147499175
doc425,0.25857162772550935,0.7402943514821707,0.0005670214042485501,0.0005669993880713034
doc426,0.6924826302088615,0.30505962755786326,0.0012289006289826069,0.0012288416042926015
doc427,0.0011577016987482775,0.09047871881819274,0.9072058577634531,0.0011577217196059334
doc428,0.0011575744605488265,0.0011576678985045883,0.996527230161847,0.0011575274790994827
doc429,0.4963998998162981,0.001441147463485712,0.5007177950952338,0.00144115762498249
doc430,0.002025117316186938,0.5970131853823424,0.39893692697051786,0.002024770330952962
doc431,0.966296304043632,0.001213786188059805,0.03127616027836537,0.0012137494899427767
doc432,0.17276771986150868,0.2824358931887222,0.5438984811038853,0.00089790584588388
doc433,0.7751635805993422,0.001244155874509994,0.22234820472457695,0.0012440588015708272
doc434,0.2913348136368498,0.0008377338858844623,0.7069895104008119,0.0008379420764537528
doc435,0.9966056271066147,0.0011314517805196438,0.001131561137884213,0.0011313599749813552
doc436,0.5603784879570235,0.0008172020019821207,0.43798718778912954,0.000817122251864799
doc437,0.9859753019262417,0.004676833073909226,0.004674368784014439,0.0046734962158345725
doc438,0.6190273818980818,0.0016839610311332493,0.377604687350818,0.0016839697199668322
doc439,0.002252918014795075,0.0022527424725037647,0.9932417777897655,0.0022525617229356607
doc440,0.002604706665647536,0.7234483603022382,0.2713424102865482,0.0026045227455660713
doc441,0.0031854431082809858,0.0031853490041044382,0.9904443284659362,0.003184879421678364
doc442,0.16842481169390747,0.8180549009687448,0.012911935594278596,0.0006083517430691758
doc443,0.0010485113762461486,0.8251279630393861,0.1727751423016234,0.0010483832827444355
doc444,0.0010376455082463285,0.001037604974428191,0.0010375028045515047,0.996887246712774
doc445,0.0010376455082463285,0.001037604974428191,0.0010375028045515047,0.996887246712774
doc446,0.45344002633900315,0.12231595144252494,0.42349422643808005,0.0007497957803918153
doc447,0.5689344794718683,0.08915909910106226,0.303313064615397,0.03859335681167255
doc448,0.9954801232754656,0.0015062124409881566,0.0015065601486354727,0.0015071041349105575
doc449,0.2679819616353634,0.7285925872151403,0.0017127761497547718,0.0017126749997414179
doc450,0.41136977806145203,0.23843564534594816,0.2924076677472921,0.057786908845307725
doc451,0.32245741230832015,0.001131613297432499,0.6752795139211014,0.00113146047314582
doc452,0.0028253558061874743,0.0028256053426823466,0.9915240335226879,0.002825005328442357
doc453,0.0009767796105601353,0.14309582233731907,0.8549505634217567,0.000976834630364027
doc454,0.7339894550888391,0.25746049991055714,0.004274669761584389,0.00427537523901931
doc455,0.9130795315847285,0.0007442646031333872,0.08543204053006635,0.0007441632820717459
doc456,0.0013442967960993555,0.0013444140839110176,0.9959670784459569,0.0013442106740327786
doc457,0.4978873869253013,0.1909615189532814,0.30989137010297985,0.00125972401843728
doc458,0.0009143070163006254,0.0009142465832458821,0.99725727955706,0.0009141668433935333
doc459,0.9972060539352601,0.0009314256425133203,0.0009312911754965129,0.0009312292467300875
doc460,0.9990918425074872,0.0003027370888526005,0.00030271859107614457,0.00030270181258405885
doc461,0.000976866517217152,0.9970697059366078,0.0009767459554802511,0.0009766815906948698
doc462,0.31619401422936383,0.4587525968259628,0.2236325990599453,0.001420789884728165
doc463,0.001157813555387145,0.9965268183692305,0.0011577778072113878,0.0011575902681708696
doc464,0.37674193867139083,0.4313286216918724,0.1903005854964299,0.001628854140306829
doc465,0.4706200592584403,0.18792289445003388,0.3115073412407591,0.0299497050507668
doc466,0.002304798119616802,0.5973403982057632,0.3042077271569002,0.09614707651771981
doc467,0.0007442691374588534,0.9182622920823209,0.000744332444039728,0.08024910633618043
doc468,0.0005670558981500251,0.8169931223794156,0.1818728108710637,0.0005670108513708365
doc469,0.001984456683722661,0.00198454319251296,0.9940467619155212,0.0019842382082430874
doc470,0.135628444083068,0.8598663604815062,0.002252655363708159,0.002252540071717624
doc471,0.47545463469155563,0.5195936675283195,0.002476113293989306,0.0024755844861357353
doc472,0.0037896299686462783,0.8488190179462155,0.1436029607982147,0.0037883912869234736
doc473,0.0013267439498721,0.0013265126769717989,0.9960203494483024,0.0013263939248536463
doc474,0.29934725144688745,0.0005835578681244477,0.6994856813442013,0.0005835093407866871
doc475,0.0011577016987482775,0.09047871881819274,0.9072058577634531,0.0011577217196059334
doc476,0.0005975700809452757,0.6540844287060887,0.34472052411431614,0.0005974770986498889
doc477,0.27784293777082697,0.4436668071927451,0.2771811664485431,0.0013090885878848275
doc478,0.9957975528015436,0.0014008853311538996,0.0014008609950369375,0.001400700872265534
doc479,0.6829815907328183,0.0004213843247784956,0.31617565812194165,0.0004213668204617638
doc480,0.0022530010132364867,0.6410040287111222,0.2740225442791526,0.08272042599648885
doc481,0.001577838980195116,0.0015778715363051722,0.9952666193061281,0.001577670177371491
doc482,0.7778491168761497,0.0008743120960311653,0.22040223056068353,0.000874340467135779
doc483,0.005748620142443822,0.9827540893723151,0.005748212660281148,0.005749077824959835
doc484,0.19357378712962173,0.0013093434680824377,0.6406642579406462,0.16445261146164958
doc485,0.0015532759749256172,0.0015532234840014267,0.9953403714099107,0.0015531291311621177
doc486,0.5603880316916463,0.002907714313374307,0.4337964212292925,0.002907832765686874
doc487,0.8008773164100338,0.001006259301696425,0.11623334123667371,0.08188308305159603
doc488,0.5627867154046835,0.4250154458216914,0.006099200935317137,0.006098637838308069
doc489,0.830866931492239,0.16694436839316337,0.0010944530773346187,0.0010942470372629816
doc490,0.0015293160379876455,0.0015294686923412084,0.995412063170646,0.0015291520990251735
doc491,0.9975680828559051,0.0008106559346009261,0.0008106408257636873,0.0008106203837302603
doc492,0.11031213886752987,0.8867198764030414,0.0014840678069609748,0.0014839169224677574
doc493,0.2217208086777476,0.5986233122519106,0.13398926286141993,0.04566661620892189
doc494,0.0010484481424121448,0.0010483661557269624,0.0010483946721062815,0.9968547910297547
doc495,0.0010484481424121448,0.0010483661557269624,0.0010483946721062815,0.9968547910297547
doc496,0.3914227687744588,0.003086832219917092,0.6024036458238351,0.003086753181789007
doc497,0.0023588895801175676,0.48354949766227767,0.511732167872951,0.0023594448846537943
doc498,0.8308422564069426,0.0008978293414111944,0.16736201343397694,0.0008979008176691588
doc499,0.9982285502437654,0.000590495953785817,0.0005905038875654869,0.0005904499148832413
doc500,0.5583904537560399,0.0008899622343003338,0.43982979540327144,0.0008897886063884639
doc501,0.0004601236332751663,0.7400095061100309,0.21202856742367313,0.047501802833020676
doc502,0.3802059178925004,0.0023049051943575963,0.6151842413455605,0.0023049355675814212
doc503,0.0035219137295025363,0.9894337644948324,0.00352248793187304,0.0035218338437919623
doc504,0.0016559645737322702,0.1581577279610169,0.8385302183929035,0.0016560890723473884
doc505,0.22685614548415173,0.7714542062521567,0.0008448011133618533,0.0008448471503297348
doc506,0.0018386179548396198,0.38676609801749984,0.6095567043246995,0.0018385797029610738
doc507,0.0014207814904184913,0.0014207526662897377,0.9643985531349163,0.03275991270837531
doc508,0.9976989001402804,0.0007670472708855697,0.0007670478684401982,0.0007670047203939638
doc509,0.001309118294164141,0.0013092702598399876,0.9960726412072838,0.001308970238712056
doc510,0.5968076770421669,0.35622930790005497,0.0007976507708008685,0.04616536428697737
doc511,0.699277890246319,0.0006606761587138699,0.29940078664844666,0.0006606469465203662
doc512,0.8435205299665166,0.0013093800097874028,0.15386101708158326,0.0013090729421128696
doc513,0.0014411687348447045,0.942979333743758,0.054138294216765005,0.0014412033046322826
doc514,0.0019089380917955685,0.9942738011427352,0.0019086793577840313,0.0019085814076851926
doc515,0.9965665654756448,0.001144511438812534,0.0011445468187327008,0.0011443762668100026
doc516,0.0025388028582015035,0.49282233337079906,0.5021003816040679,0.002538482166931443
doc517,0.242152844437023,0.7539551424550675,0.0019461848785949903,0.0019458282293146332
doc518,0.001462213293855254,0.11208164333703716,0.8849941014252188,0.0014620419438889055
doc519,0.00150627713192526,0.9954812006665466,0.001506251368401011,0.001506270833127213
doc520,0.0037890082850986157,0.8492320414627731,0.14319007428077454,0.00378887597135375
doc521,0.8248934690996156,0.17347206791230022,0.000817205648679852,0.0008172573394042537
doc522,0.001344468777872591,0.4712742480836168,0.5260369798357328,0.001344303302777794
doc523,0.0019848053086282316,0.001984713671583453,0.9940455371236327,0.0019849438961555277
doc524,0.6214725278792207,0.0006740724870706171,0.37717937871177726,0.0006740209219313689
doc525,0.5342151582036353,0.46247258185540735,0.0016560490150977786,0.001656210925859522
doc526,0.0009865517084711583,0.0009865071683483522,0.9970404301054038,0.0009865110177766621
doc527,0.5782937673349614,0.0021104756363749307,0.4174855015385739,0.002110255490089826
doc528,0.7199592807816668,0.0007670768613907044,0.2785066341350158,0.000767008221926715
doc529,0.7603537594834887,0.0008106291386966142,0.238025140377589,0.0008104710002256837
doc530,0.9964447677074771,0.0011851397285201717,0.0011850690089122607,0.001185023555090446
doc531,0.0006605770876361433,0.8253270342379851,0.17338095254236757,0.0006314361320110815
doc532,0.997698735859338,0.0007670903669707089,0.0007670336612967941,0.0007671401123942923
doc533,0.00038414016419250556,0.25152188074393805,0.43841001489551934,0.30968396419634997
doc534,0.24251854301311457,0.5763936456341596,0.17979565950381943,0.001292151848906314
doc535,0.95787617685848,0.00043415158003426294,0.04125547491489216,0.00043419664659352154
doc536,0.40484406051692784,0.5929672102327995,0.0010943769990246627,0.001094352251247981
doc537,0.0022032758817756588,0.0022029421468452172,0.9933908345079865,0.0022029474633927415
doc538,0.001344491610015983,0.0013445519728323774,0.9959665247831426,0.0013444316340089709
doc539,0.0008040646007594973,0.03169278177418021,0.9666991485058175,0.0008040051192427916
doc540,0.9970111681003317,0.0009962465534630847,0.0009963754050842,0.000996209941121028
doc541,0.21534076962828846,0.08694195471071346,0.6973692868719766,0.0003479887890213891
doc542,0.001131559969351734,0.11356668824711864,0.5502276621398094,0.33507408964372015
doc543,0.9965667156106248,0.0011443956351131516,0.0011445958497451698,0.0011442929045168465
doc544,0.5031473859387604,0.33563947256632287,0.1591028395580287,0.0021103019368878886
doc545,0.6054193627660809,0.2931100191548661,0.001185190355966925,0.10028542772308602
doc546,0.3071973808089657,0.6877248077202145,0.0025388412544827756,0.0025389702163371632
doc547,0.0009059254319480568,0.0009059721731925043,0.000906010557417225,0.9972820918374423
doc548,0.4083170426615968,0.0012759315800468945,0.5891312277122024,0.0012757980461539262
doc549,0.0009059254319480568,0.0009059721731925043,0.000906010557417225,0.9972820918374423
doc550,0.614081032490289,0.24830843019440046,0.1356647397588458,0.0019457975564647785
doc551,0.9175962931168705,0.0004822863484588403,0.08143907396973231,0.0004823465649384632
doc552,0.4111552308485238,0.05346339933130406,0.4911866210740987,0.04419474874607328
doc553,0.00039319978376692587,0.25472440412226566,0.42904613540554287,0.3158362606884246
doc554,0.9970111681003317,0.0009962465534630847,0.0009963754050842,0.000996209941121028
doc555,0.2665536595433059,0.0011711863188559816,0.7311040277206904,0.0011711264171478952
doc556,0.8136619010977849,0.18138642554736267,0.002476091676691024,0.0024755816781612937
doc557,0.0017735553415663156,0.994679149411881,0.0017733470414841572,0.0017739482050684193
doc558,0.4461940775911782,0.13428319946490266,0.41889528422950245,0.0006274387144166022
doc559,0.9917566398664642,0.0027477114619290674,0.0027477894319546227,0.0027478592396519884
doc560,0.6806433528357855,0.27337368188247235,0.0013627804941133451,0.04462018478762899
doc561,0.0014840400742132064,0.13132723757539136,0.86570471446197,0.00148400788842549
doc562,0.997698735859338,0.0007670903669707089,0.0007670336612967941,0.0007671401123942923
doc563,0.24251854301311457,0.5763936456341596,0.17979565950381943,0.001292151848906314
doc564,0.9647000259721584,0.012270983258018146,0.0004249037708621169,0.02260408699896123
doc565,0.002066999400119149,0.9937992327340955,0.0020668827439019066,0.0020668851218834327
doc566,0.3544244275377956,0.6415261087395787,0.002024856792487748,0.0020246069301380083
doc567,0.8861711418177779,0.11177479953929835,0.0010270518063240151,0.001027006836599752
doc568,0.7562408527304494,0.1716035734459252,0.05900956104282141,0.013146012780804054
doc569,0.002538809659280718,0.7810840549414515,0.002538547397955793,0.213838588001312
doc570,0.0003841180933981695,0.7457624947727056,0.25346930423656044,0.0003840828973356988
doc571,0.0015530705360641548,0.9953404356383266,0.001553032985869082,0.0015534608397398957
doc572,0.002907905631881149,0.8427333892635066,0.1514511657164299,0.0029075393881823337
doc573,0.7611154122935818,0.13681405320551582,0.0006927272358662156,0.10137780726503615
doc574,0.0010378006666266256,0.9772709837981032,0.0010378691299251536,0.02065334640534496
doc575,0.002304875948927205,0.9930854014209688,0.002304769219789668,0.002304953410314362
doc576,0.830866931492239,0.16694436839316337,0.0010944530773346187,0.0010942470372629816
doc577,0.994045831348632,0.001984633704083435,0.0019845547932714988,0.001984980154013129
doc578,0.5342151582036353,0.46247258185540735,0.0016560490150977786,0.001656210925859522
doc579,0.20091905391092682,0.001326690507737394,0.39226317762500107,0.40549107795633477
doc580,0.0010165226261342549,0.07170848674408489,0.9262585229007266,0.001016467729054212
doc581,0.00129229830938807,0.39427347904845433,0.603142013699019,0.0012922089431387548
doc582,0.0016031642018277303,0.0016028419266802753,0.9951911785655763,0.001602815305915742
doc583,0.5724040290614162,0.0025387277447410316,0.37533075521327325,0.04972648798056951
doc584,0.0010375912387572681,0.3339286780094812,0.6639961728669108,0.0010375578848508282
doc585,0.7367604691515507,0.00041604747892063444,0.26240741296572967,0.0004160704037989514
doc586,0.4547843272343566,0.0019845283822433773,0.36311933835284577,0.18011180603055427
doc587,0.42662429836592797,0.13259995180621292,0.4381709992322167,0.002604750595642451
doc588,0.0013627044187990414,0.32932225608240356,0.6679523522596188,0.0013626872391785487
doc589,0.7957574811161887,0.0017126731214605,0.20081712889687392,0.0017127168654769247
doc590,0.6634460490570008,0.0022030842865549396,0.3321475172172323,0.002203349439211973
doc591,0.5798828659292867,0.0008593768963301555,0.4183984997292282,0.000859257445155015
doc592,0.00039319978376692587,0.25472440412226566,0.42904613540554287,0.3158362606884246
doc593,0.001629129048427889,0.37773175321483876,0.6190102039727569,0.0016289137639765483
doc594,0.6075585879002295,0.0007851221114374828,0.2842638533468644,0.10739243664146851
doc595,0.7707298000548447,0.0010595803896902125,0.22715097190783157,0.0010596476476335448
doc596,0.5066078784785115,0.0007729661578388949,0.3586943222881603,0.13392483307548916
doc597,0.40484406051692784,0.5929672102327995,0.0010943769990246627,0.001094352251247981
doc598,0.44365298136996756,0.5547127134598073,0.0008172217821988152,0.0008170833880261745
doc599,0.2709642414345214,0.7262339676129966,0.0014009371417444516,0.0014008538107375186
doc600,0.0016561154813642086,0.8485487736412008,0.0016562138910646547,0.14813889698637023
doc601,0.20213424127968546,0.001144351131323184,0.7955771492483825,0.0011442583406088567
doc602,0.0009059254319480568,0.0009059721731925043,0.000906010557417225,0.9972820918374423
doc603,0.0009059254319480568,0.0009059721731925043,0.000906010557417225,0.9972820918374423
doc604,0.25857162772550935,0.7402943514821707,0.0005670214042485501,0.0005669993880713034
doc605,0.9964447662927308,0.0011850700336798754,0.0011850903563288347,0.001185073317260369
doc606,0.36668504525538576,0.33388817677623167,0.2988629853194549,0.000563792648927869
doc607,0.0016559645737322702,0.1581577279610169,0.8385302183929035,0.0016560890723473884
doc608,0.9973995358299119,0.0008667847900378664,0.0008668246991866957,0.0008668546808634493
doc609,0.996854503729124,0.001048424165300988,0.0010485589601252126,0.0010485131454499711
doc610,0.36214694299189876,0.6346468493441282,0.0016031113425016858,0.0016030963214713507
doc611,0.0009767796105601353,0.14309582233731907,0.8549505634217567,0.000976834630364027
doc612,0.0008041050162167075,0.713645617468735,0.2847462756019222,0.0008040019131260089
doc613,0.0006927127146185047,0.6681459642085154,0.33046863578060715,0.0006926872962591548
doc614,0.30204785145666124,0.1443183600584736,0.552389809295708,0.0012439791891570783
doc615,0.002155672939838826,0.24473184775229473,0.7509570350581177,0.002155444249748779
doc616,0.8190297327644848,0.0020665853754160014,0.17683703529546785,0.002066646564631514
doc617,0.7944939547156159,0.0016838223159916913,0.15836209285571592,0.04546013011267645
doc618,0.18644337222946125,0.34860541668530737,0.42293709433840937,0.04201411674682206
doc619,0.3477420760694157,0.33716256887361423,0.16421887018281484,0.15087648487415536
doc620,0.9132628054198413,0.08459546131768786,0.001070905398142966,0.0010708278643279528
doc621,0.0012758283789387247,0.9961726728883256,0.0012757784122809951,0.0012757203204545775
doc622,0.1374372049433567,0.6148475050745953,0.24635271710998502,0.0013625728720629419
doc623,0.12524178345962075,0.0008742759605717209,0.8598860771587206,0.013997863421086948
doc624,0.0014009302058200317,0.7917715964906322,0.20542667831921288,0.0014007949843348117
doc625,0.0012286444279236033,0.8909751403182015,0.0012287597127017163,0.10656745554117329
doc626,0.47545463469155563,0.5195936675283195,0.002476113293989306,0.0024755844861357353
doc627,0.0032900709556894898,0.9901301034319395,0.0032900243993178413,0.0032898012130530745
doc628,0.154566499392234,0.8417559446957165,0.001838594101908309,0.001838961810141272
doc629,0.0447049531309698,0.6405069884177703,0.17178744187546488,0.1430006165757951
doc630,0.6079565594886347,0.045025390124413776,0.11538235540829246,0.23163569497865902
doc631,0.0024758128005734565,0.06804768441913325,0.927000930812515,0.002475571967778228
doc632,0.0010164136071837983,0.0010164902276827469,0.99695072636181,0.0010163698033235238
doc633,0.9447606705974788,0.0012286464693560019,0.05278201948438686,0.0012286634487784765
doc634,0.13912458460222044,0.0006314144950646333,0.8596125689971333,0.0006314319055816263
doc635,0.22651889672781125,0.41794211970093653,0.001381709674592757,0.3541572738966596
doc636,0.0009492429405325761,0.9971527928308355,0.0009490613914399127,0.0009489028371922203
doc637,0.002203090859359136,0.7028548157285316,0.29273916043336773,0.0022029329787415265
doc638,0.003522443802480586,0.0811036421252118,0.9118523304671295,0.0035215836051779663
doc639,0.0010165872245115686,0.11807270025651448,0.8798941968301364,0.0010165156888375059
doc640,0.1104072415208598,0.520978828035297,0.36687142963171754,0.0017425008121256026
doc641,0.6483158869100158,0.055201111190753056,0.08139498984000947,0.2150880120592217
doc642,0.5892681336979371,0.0006563506416565118,0.4094190389703108,0.0006564766900955647
doc643,0.5528648461803163,0.0006651786583378801,0.23806115025105729,0.20840882491028856
doc644,0.7595552249885752,0.0003064498978055151,0.239831813814988,0.0003065112986312342
doc645,0.6781140288877421,0.03862127148930012,0.28280884826235636,0.00045585136060130366
doc646,0.11856734773592,0.6160659950524879,0.2639852288991186,0.0013814283124734665
doc647,0.40345144975945996,0.0018053402436800773,0.5712175693076972,0.02352564068916282
doc648,0.378291397049541,0.4228762370433699,0.19825218773624895,0.0005801781708403037
doc649,0.7082961842401908,0.16809267377365839,0.12303427980506094,0.0005768621810897787
doc650,0.7453855854235417,0.16330053641569436,0.0906164271848437,0.0006974509759202716
doc651,0.0020248465989794414,0.002024554386408588,0.9939260096168754,0.0020245893977366217
doc652,0.005155862800115903,0.9845326684364194,0.005156329258455621,0.005155139505009171
doc653,0.22614225863763252,0.7716448391175874,0.0011065614323926155,0.0011063408123875421
doc654,0.2915369708914252,0.6469293019829415,0.0020668317226929986,0.05946689540294033
doc655,0.2757571333581865,0.0009489895544105337,0.7223445783694094,0.0009492987179935364
doc656,0.187037402232846,0.32112953510306935,0.0010165970339872463,0.4908164656300974
doc657,0.0009059254319480568,0.0009059721731925043,0.000906010557417225,0.9972820918374423
doc658,0.0009059254319480568,0.0009059721731925043,0.000906010557417225,0.9972820918374423
doc659,0.688251053040753,0.3098861845873101,0.0009313912187102244,0.0009313711532268175
doc660,0.3821167515359522,0.09100377692378325,0.5254978343854223,0.001381637154842157
doc661,0.38942679903737915,0.32092838946518487,0.28873871020469105,0.0009061012927449935
doc662,0.0006563783269044564,0.998031008056141,0.0006563362751376956,0.0006562773418168159
doc663,0.15270729090880317,0.741708343416339,0.000542435821682155,0.10504192985317581
doc664,0.36214694299189876,0.6346468493441282,0.0016031113425016858,0.0016030963214713507
doc665,0.7801985661246575,0.001259799092614331,0.21728184015038063,0.0012597946323474945
doc666,0.04850231825711691,0.0004538360874763517,0.950590038608057,0.0004538070473496563
doc667,0.09233153026369219,0.19014996762168201,0.7168399478400591,0.0006785542745667201
doc668,0.30109211797555363,0.2598048236335222,0.43770214327397455,0.0014009151169496038
doc669,0.0010165872245115686,0.11807270025651448,0.8798941968301364,0.0010165156888375059
doc670,0.7944939547156159,0.0016838223159916913,0.15836209285571592,0.04546013011267645
doc671,0.18644337222946125,0.34860541668530737,0.42293709433840937,0.04201411674682206
doc672,0.010640501958796384,0.010644108707110293,0.9680726046529988,0.01064278468109445
doc673,0.9969188821512213,0.0010270838213183773,0.0010269276012203157,0.0010271064262400936
doc674,0.2946513630272399,0.037728568112395444,0.6667752242245223,0.0008448446358422837
doc675,0.2379734940546307,0.46786924727259116,0.29311969051641745,0.0010375681563606293
doc676,0.9551395891329164,0.042827263544808654,0.001016514124721558,0.0010166331975533256
doc677,0.9981521343484476,0.0006159039356673957,0.0006160052645597616,0.0006159564513251366
doc678,0.0006607045411680242,0.998017920781365,0.0006607218524728507,0.0006606528249943436
doc679,0.4028774077596521,0.4219250448227428,0.09950534474983301,0.07569220266777216
doc680,0.0010269618989736497,0.9969193132345304,0.0010268776997981455,0.001026847166697849
doc681,0.0007554396353095547,0.9977338176084564,0.0007553839609123696,0.0007553587953219029
doc682,0.45736636228655153,0.5405581922354558,0.0010376829532669526,0.0010377625247258038
doc683,0.6030451071256727,0.0005835895599124541,0.3601404575331742,0.03623084578124074
doc684,0.0006974374805981047,0.9979077099938467,0.0006974247628435121,0.000697427762711706
doc685,0.9285689790427903,0.0005337992639919567,0.03826409849669191,0.03263312319652584
doc686,0.2913759975350602,0.7066114239956941,0.0010063543292568931,0.0010062241399886938
doc687,0.9447606705974788,0.0012286464693560019,0.05278201948438686,0.0012286634487784765
doc688,0.999004373096368,0.00033189460029438804,0.00033187709766221827,0.00033185520567546834
doc689,0.0004322612280721931,0.9754608500779156,0.0004322652909096166,0.023674623403102415
doc690,0.8016812611105532,0.19628576965753572,0.0010165516595137371,0.0010164175723973473
doc691,0.9553804250099248,0.043590380943869945,0.0005146143119310563,0.0005145797342741093
doc692,0.8904999196239642,0.016441793138124633,0.09275465466996795,0.00030363256794312034
doc693,0.30524918169758564,0.26865212134692257,0.4062798074841921,0.019818889471299523
doc694,0.7528217103969551,0.0011577527464061916,0.24486285496949156,0.0011576818871472311
doc695,0.5543369726305528,0.0008978859419467696,0.44386731164276116,0.0008978297847392123
doc696,0.5356776175147198,0.0009400949224466646,0.35527181828255305,0.10811046928028047
doc697,0.2696996374286084,0.0012923867417560856,0.727715734898926,0.0012922409307094993
doc698,0.0009060926634562137,0.0751961295374482,0.9229918203368104,0.0009059574622852992
doc699,0.0007024523696642102,0.1386749901955649,0.8599202015968851,0.0007023558378858272
doc700,0.002155906420332055,0.002156021930346079,0.993532325312429,0.002155746336893023
doc701,0.8692036598956691,0.11992080443003574,0.01056626359249007,0.00030927208180509214
doc702,0.2074201133849842,0.6558530281976591,0.13616935807438085,0.0005575003429757954
doc703,0.4154009574693981,0.29866246972401916,0.2847921710683788,0.0011444017382039229
doc704,0.21141715409286183,0.5175224986187146,0.001059541768223662,0.2700008055201999
doc705,0.24584980375078572,0.5967608615216738,0.15612952780459516,0.0012598069229450533
doc706,0.005155862800115903,0.9845326684364194,0.005156329258455621,0.005155139505009171
doc707,0.0009863600864454607,0.0009863100472503813,0.0009864429334241031,0.9970408869328801
doc708,0.23365034460382633,0.0009313933027453508,0.7644866728729327,0.0009315892204955527
doc709,0.0009863600864454607,0.0009863100472503813,0.0009864429334241031,0.9970408869328801
doc710,0.2062574673892128,0.001171261908921618,0.7914000663265329,0.0011712043753326123
doc711,0.11560689206967352,0.27160447781009195,0.6115598239718378,0.0012288061483965702
doc712,0.8155458289307734,0.1828838296739286,0.0007851822767810521,0.0007851591185168836
doc713,0.38942679903737915,0.32092838946518487,0.28873871020469105,0.0009061012927449935
doc714,0.00467428003111043,0.34415025393314636,0.6465004236897358,0.004675042346007483
doc715,0.5702331353221236,0.4278505901858557,0.0009581438619181087,0.0009581306301025982
doc716,0.0436141503184191,0.35326937656541946,0.6021101453912463,0.001006327724915167
doc717,0.30524918169758564,0.26865212134692257,0.4062798074841921,0.019818889471299523
doc718,0.5058462965700594,0.18278667822715694,0.3099661859054843,0.0014008392972993805
doc719,0.0005768770235792207,0.0005768384041841628,0.9982695311500988,0.0005767534221379165
doc720,0.18654439685051077,0.2284835225036898,0.5836454958411771,0.001326584804622294
doc721,0.8565012408974477,0.14222782823987104,0.0006354797193170095,0.0006354511433643427
doc722,0.0007852036957066281,0.9976444168217627,0.000785184156055003,0.0007851953264756248
doc723,0.4408031163142086,0.14611212588798325,0.3898214420235451,0.02326331577426323
doc724,0.0018385073114953363,0.9944845038277518,0.0018386112160958994,0.001838377644656956
doc725,0.7936845706455788,0.17892648624050234,0.0009768838201240793,0.026412059293794667
doc726,0.9965667921183375,0.0011445219699313905,0.0011443781663715879,0.0011443077453596028
doc727,0.6045282980614077,0.39388905811877506,0.0007913515816076411,0.0007912922382095031
doc728,0.2756855936341591,0.7218867741074252,0.0012138699211721663,0.0012137623372434282
doc729,0.5473555044857652,0.16356034648115553,0.24175168547340992,0.04733246355966938
doc730,0.08016202974077226,0.000453841129420878,0.9189303532827637,0.0004537758470429946
doc731,0.6675742845733481,0.3287480873936251,0.0018389565970263057,0.001838671436000453
doc732,0.0010269618989736497,0.9969193132345304,0.0010268776997981455,0.001026847166697849
doc733,0.0007554396353095547,0.9977338176084564,0.0007553839609123696,0.0007553587953219029
doc734,0.03710102122541306,0.7755964489471153,0.18678805295745918,0.000514476870012402
doc735,0.45736636228655153,0.5405581922354558,0.0010376829532669526,0.0010377625247258038
doc736,0.00046220751716205164,0.6703471323544046,0.3287284923309768,0.0004621677974565382
doc737,0.036623022882412086,0.0019846769602484583,0.9594079594697595,0.001984340687579885
doc738,0.6483158869100158,0.055201111190753056,0.08139498984000947,0.2150880120592217
doc739,0.7453855854235417,0.16330053641569436,0.0906164271848437,0.0006974509759202716
doc740,0.0020248465989794414,0.002024554386408588,0.9939260096168754,0.0020245893977366217
doc741,0.0009143455438291555,0.4024167525280674,0.5957546046001241,0.0009142973279794556
doc742,0.7626811723684462,0.0019460072336619214,0.2334271228336033,0.001945697564288434
doc743,0.6781140288877421,0.03862127148930012,0.28280884826235636,0.00045585136060130366
doc744,0.11856734773592,0.6160659950524879,0.2639852288991186,0.0013814283124734665
doc745,0.0009864869534988586,0.0009864504272793142,0.997040714131772,0.0009863484874498615
doc746,0.5496768258962191,0.0017425287271079616,0.42467636117538254,0.02390428420129029
doc747,0.0015776861771305145,0.040157127153437125,0.9566875514536616,0.0015776352157708664
doc748,0.33581404323597785,0.4179023540170408,0.2448629560110508,0.0014206467359305453
doc749,0.4538860242719489,0.06606920790170989,0.47900663156332907,0.0010381362630122002
doc750,0.6455126597522943,0.001244076865867212,0.3519993213179328,0.0012439420639056193
doc751,0.8580416856763186,0.0008743436603225541,0.14020969522879617,0.0008742754345625917
doc752,0.003937980492260902,0.246443105566871,0.7456815392621069,0.003937374678761096
doc753,0.24464571252009443,0.6710914964699521,0.08363137721387631,0.0006314137960772349
doc754,0.003650816096574006,0.13250562831406465,0.8601924713773595,0.0036510842120017024
doc755,0.6620836542098766,0.0005870039416555903,0.3367423590325796,0.0005869828158883081
doc756,0.002538900915410227,0.926759106356951,0.002538949459572566,0.06816304326806616
doc757,0.37234280777584294,0.4681647576664401,0.0005835801307378268,0.158908854426979
doc758,0.001483969601578998,0.9955479048249538,0.0014840585551821497,0.0014840670182851901
doc759,0.0036507161996533503,0.6328235649249597,0.25388672326231637,0.1096389956130706
doc760,0.0009400347793851455,0.0009401432776342939,0.0009402020421245365,0.997179619900856
doc761,0.3027977814580447,0.0013814330922862167,0.6627073726889158,0.03311341276075332
doc762,0.0009400347793851455,0.0009401432776342939,0.0009402020421245365,0.997179619900856
doc763,0.993085309549197,0.0023049014792626966,0.002304727461141163,0.0023050615103990917
doc764,0.6797068897098367,0.157516410526478,0.1620642151978445,0.0007124845658406651
doc765,0.5934120965031544,0.40449089335732813,0.0010485064096459273,0.0010485037298714676
doc766,0.6781270761101694,0.3204778775987741,0.0006975290230448283,0.0006975172680116143
doc767,0.0006158969032126209,0.8429327882235925,0.15583545460588014,0.0006158602673147548
doc768,0.7320503399145009,0.001873006829188159,0.2642033366603742,0.0018733165959366868
doc769,0.5702331353221236,0.4278505901858557,0.0009581438619181087,0.0009581306301025982
doc770,0.006098631000529635,0.9817041594690293,0.006098840070290623,0.006098369460150226
doc771,0.21696002968903105,0.7098309005843708,0.0022032861287308706,0.07100578359786726
doc772,0.9979503551380065,0.000683242125443274,0.0006832547656432153,0.0006831479709070162
doc773,0.00215581006759891,0.0021556305912888074,0.993533125417974,0.0021554339231383787
doc774,0.3129245334910303,0.49318461759622795,0.19314665914374113,0.0007441897690006138
doc775,0.07130928308514095,0.0014206723598283741,0.9258494570149888,0.0014205875400417644
doc776,0.6746119905716379,0.0018387285369232404,0.32171069798603485,0.0018385829054041172
doc777,0.0019846424584272528,0.6396770325593572,0.11420486831253551,0.24413345666968003
doc778,0.0014623363838217251,0.177093021654207,0.8199824595827832,0.0014621823791880712
doc779,0.72917136178234,0.10380788801177768,0.1653371125015327,0.0016836377043496068
doc780,0.0004799658781267353,0.0004799535587408053,0.9985601950548657,0.0004798855082666956
doc781,0.3354742496989137,0.5494812940696027,0.11420680929570477,0.0008376469357790243
doc782,0.7477025669595425,0.0007977089742315644,0.2507021757440769,0.0007975483221490814
doc783,0.11611722674081797,0.0011577850926058543,0.8815673647115766,0.0011576234549995183
doc784,0.8463539027229455,0.152088109192528,0.0007790609428830197,0.0007789271416434535
doc785,0.17535865184393812,0.8222135577613462,0.0012139622989593638,0.0012138280957562039
doc786,0.10530624894386846,0.001805524597904579,0.8910828109247435,0.00180541553348352
doc787,0.14003334721882574,0.7450390534508335,0.11368365015748218,0.0012439491728586012
doc788,0.0017735922859937088,0.7864704883768344,0.209982641947792,0.0017732773893798558
doc789,0.002475859389030138,0.3659416097636615,0.6291069592010069,0.002475571646301542
doc790,0.00103773745269402,0.9968870868736759,0.0010376310973470334,0.0010375445762830216
doc791,0.001712747266164415,0.03004662806261207,0.9665280515653248,0.0017125731058987806
doc792,0.0014840745838648293,0.1733863272693283,0.8236456955611623,0.0014839025856446008
doc793,0.0022030214311162207,0.0022033981031026636,0.9933901981529252,0.00220338231285594
doc794,0.000496653897469262,0.3733683147207352,0.6196106254817003,0.0065244059000951335
doc795,0.3359117316492138,0.5108208767911636,0.15259332833429343,0.0006740632253291117
doc796,0.0021101698606196327,0.002110240799946283,0.9936696420768382,0.0021099472625959706
doc797,0.783298163922817,0.16503255430703812,0.0024161456418873867,0.049253136128257415
doc798,0.9923838530820039,0.0025390615964768415,0.0025388677296207104,0.002538217591898409
doc799,0.0009864869534988586,0.0009864504272793142,0.997040714131772,0.0009863484874498615
doc800,0.3751021833507016,0.5084060998525283,0.11573055030983324,0.000761166486936921
doc801,0.0030868973371277852,0.8319028812795429,0.16192350078916698,0.003086720594162313
doc802,0.0013628483816817887,0.0013627045594084173,0.9959119001156874,0.0013625469432224434
doc803,0.27945273061231324,0.002155822921250175,0.7162358320171782,0.0021556144492583754
doc804,0.0010377373252532498,0.0010376106798211876,0.9968869447750472,0.0010377072198781792
doc805,0.30939310158863953,0.07378747929063123,0.5819650104083558,0.034854408712373434
doc806,0.40390734611542584,0.20434032829080118,0.39059476973830015,0.001157555855472975
doc807,0.616618977272998,0.14035695869407355,0.24231166413427044,0.0007123998986579261
doc808,0.0032898680366224855,0.9901297195285418,0.003290393670402044,0.003290018764433554
doc809,0.4654392653566699,0.18961609655610592,0.3436686707784798,0.001275967308744395
doc810,0.31520588161523133,0.056386604053463484,0.5994509698188991,0.028956544512406077
doc811,0.995266933008747,0.0015778821762659438,0.001577799281250146,0.0015773855337368194
doc812,0.002252954807413392,0.07045955648040322,0.9250346828508696,0.0022528058613138966
doc813,0.29454258680683915,0.0005905288135137622,0.7042762734841334,0.0005906108955138471
doc814,0.8576446848055366,0.03533620643312446,0.10666362665637115,0.00035548210496795464
doc815,0.3557324234478156,0.6395494983256871,0.002358915281180143,0.0023591629453171372
doc816,0.0008377142514668866,0.5881448996841999,0.4101797567671124,0.000837629297220935
doc817,0.7582295473655377,0.003522799518753386,0.003522436644287276,0.23472521647142167
doc818,0.1479580913378757,0.66506383953857,0.002416224384022937,0.18456184473953122
doc819,0.001483969601578998,0.9955479048249538,0.0014840585551821497,0.0014840670182851901
doc820,0.2652804143274203,0.7339484033653247,0.00038560407576018036,0.0003855782314945495
doc821,0.0010063252121056336,0.0010062973187368882,0.0010064844610572687,0.9969808930081002
doc822,0.0010063252121056336,0.0010062973187368882,0.0010064844610572687,0.9969808930081002
doc823,0.616618977272998,0.14035695869407355,0.24231166413427044,0.0007123998986579261
doc824,0.5787631390811167,0.4180815707533785,0.0015777879271087051,0.0015775022383961311
doc825,0.001326718537478897,0.6937375657830529,0.3036091923482276,0.0013265233312406135
doc826,0.4031821087394757,0.0012923454890746196,0.5942328299186679,0.0012927158527817478
doc827,0.00136279593983891,0.33541291835837855,0.5667561685441234,0.09646811715765913
doc828,0.001577536525087165,0.001577435762889071,0.9952675690371874,0.001577458674836375
doc829,0.0012924195518604373,0.4418250340514431,0.5555902698688251,0.0012922765278715834
doc830,0.5702331353221236,0.4278505901858557,0.0009581438619181087,0.0009581306301025982
doc831,0.7013257022497419,0.0009227106948489593,0.2968288352938989,0.0009227517615103052
doc832,0.7884531243733562,0.002066803061654764,0.20741348907266255,0.0020665834923264477
doc833,0.0018732798126472122,0.0018732659332097456,0.9943803842744163,0.0018730699797267867
doc834,0.0002814640457182353,0.6876420834348631,0.31179503356459437,0.000281418954824215
doc835,0.365425546256652,0.5122657639042297,0.12154168512209755,0.000767004717020794
doc836,0.36615611213560745,0.5797299651670659,0.00036186927811332763,0.05375205341921351
doc837,0.2558623885168712,0.7413743154985263,0.001381822496527229,0.0013814734880752066
doc838,0.0018389817205549646,0.13635533974594002,0.8599672781940497,0.0018384003394553224
doc839,0.0004799658781267353,0.0004799535587408053,0.9985601950548657,0.0004798855082666956
doc840,0.0018729860594173381,0.9943808906372106,0.0018729624828934853,0.0018731608204784883
doc841,0.2942470736631774,0.10904650217327788,0.5957002041199415,0.0010062200436032048
doc842,0.0024161855971695035,0.5489893886255596,0.44617856705681125,0.002415858720459781
doc843,0.42357882690390897,0.4371630321932955,0.1379137909693345,0.0013443499334612572
doc844,0.002748080725493142,0.7808666719316574,0.002747794295859117,0.21363745304699044
doc845,0.37828411550757585,0.6182308059459806,0.0017427416872581437,0.0017423368591854183
doc846,0.000976766916406167,0.9970695486616677,0.0009767082009560011,0.0009769762209700331
doc847,0.14998610929369818,0.0024159065794875753,0.5882235684181295,0.25937441570868475
doc848,0.6809023692584547,0.2594029555125958,0.0012441962599028407,0.05845047896904667
doc849,0.0011445533452372379,0.7351804948231446,0.2625305965397759,0.0011443552918421254
doc850,0.2063765982881752,0.7887913442267744,0.0024162190351321266,0.002415838449918159
doc851,0.0008377154912495,0.13797850297913844,0.8603460767741459,0.0008377047554662548
doc852,0.0013628483816817887,0.0013627045594084173,0.9959119001156874,0.0013625469432224434
doc853,0.27945273061231324,0.002155822921250175,0.7162358320171782,0.0021556144492583754
doc854,0.001602955968975339,0.37656378722575845,0.6202303205041233,0.0016029363011428157
doc855,0.38955015227769585,0.33142603980215873,0.2764186866442839,0.002605121275861665
doc856,0.0009864869534988586,0.0009864504272793142,0.997040714131772,0.0009863484874498615
doc857,0.002203240574822311,0.002203032342693147,0.9933906849945943,0.002203042087890299
doc858,0.27360114429671306,0.002359533525587026,0.6922766272544032,0.031762694923296766
doc859,0.0020666455953095163,0.18951460450814858,0.749794110774603,0.05862463912193882
doc860,0.06618247896129255,0.3130578182545582,0.6065938936870098,0.014165809097139418
doc861,0.0010377373252532498,0.0010376106798211876,0.9968869447750472,0.0010377072198781792
doc862,0.704379401162613,0.29251414933196584,0.0015532878057127456,0.0015531616997085714
doc863,0.9948618490001374,0.0017128085967852236,0.0017127942528184802,0.001712548150258884
doc864,0.40729436625727494,0.0012288989619487292,0.5902478453455497,0.0012288894352265242
doc865,0.9960205278945743,0.0013264719673095498,0.0013266246332986917,0.001326375504817455
doc866,0.0031854902142927194,0.28322104188597536,0.7104083737632803,0.003185094136451651
doc867,0.10531536181027458,0.5930261981349375,0.2774262837758879,0.02423215627889998
doc868,0.002066754427956861,0.13256590985418443,0.8633008796610886,0.0020664560567701085
doc869,0.01562873946698471,0.9531183849975563,0.0156267929878765,0.01562608254758251
doc870,0.001945907794372742,0.9941624764440773,0.001945756203289108,0.001945859558261045
doc871,0.002025067821855409,0.5889777563996019,0.40697218716367334,0.0020249886148692702
doc872,0.0010268247169385595,0.0010268250078813777,0.0010267783966644757,0.9969195718785157
doc873,0.0008742812604228764,0.0008743906089138875,0.9973770581444577,0.0008742699862055887
doc874,0.0010268247169385595,0.0010268250078813777,0.0010267783966644757,0.9969195718785157
doc875,0.5150071331640307,0.4803836690051609,0.002304797638228784,0.0023044001925796778
doc876,0.6567109926226576,0.0007851184811246409,0.34171888535668987,0.0007850035395278915
doc877,0.8934176870947127,0.10487845079435694,0.000851956106593989,0.000851906004336401
doc878,0.3876014513785823,0.0009060187564298113,0.5046296178266897,0.10686291203829827
doc879,0.0029077665897608265,0.11917229548898202,0.8750126321532011,0.002907305768056053
doc880,0.08337304565715267,0.0010485594747381825,0.9145299160485114,0.001048478819597817
doc881,0.6809023692584547,0.2594029555125958,0.0012441962599028407,0.05845047896904667
doc882,0.006099480118344727,0.9817036460093792,0.006098985336889075,0.006097888535386915
doc883,0.3914151719464989,0.0018055814336277662,0.6049736816108795,0.0018055650089937472
doc884,0.6228278599015148,0.002604871405176678,0.37196251437628103,0.002604754317027543
doc885,0.7867344021958579,0.0008172747847810992,0.21163113040358653,0.0008171926157744805
doc886,0.003938152830211098,0.0039376054113245875,0.9881869579472798,0.003937283811184465
doc887,0.36038923145613444,0.2099118183791123,0.4292234223715969,0.00047552779315646553
doc888,0.7516984956220958,0.001344527147789701,0.24561258967594535,0.0013443875541691705
doc889,0.472166490816949,0.15007776843186676,0.3254466409835521,0.052309099767632164
doc890,0.00129221274516308,0.5796304010421527,0.41778510964609955,0.001292276566584549
doc891,0.0004799658781267353,0.0004799535587408053,0.9985601950548657,0.0004798855082666956
doc892,0.6584243808454674,0.33820798840544825,0.0016838282521896679,0.0016838024968947013
doc893,0.0016029667315303998,0.9951908214523575,0.0016031164470413735,0.0016030953690707689
doc894,0.6202753559920295,0.3774615015675587,0.0011316067073506087,0.0011315357330611237
doc895,0.0015293944107312664,0.15450897043833817,0.842432518870224,0.0015291162807065536
doc896,0.6785662889593539,0.31702748877746795,0.002203363948093048,0.002202858315084996
doc897,0.0009863938738508976,0.9331920142556673,0.06483522228128535,0.0009863695891964856
doc898,0.04978628516218909,0.6266419336378789,0.32246551243755717,0.0011062687623748493
doc899,0.24758987943931615,0.7487325421052122,0.0018388822922111264,0.0018386961632605614
doc900,0.8554179448324919,0.0017128435258636902,0.14115666255498874,0.0017125490866557508
doc901,0.0011850727089238926,0.21797232822158208,0.7796573799315835,0.0011852191379106037
doc902,0.002110292159665115,0.5122511949987512,0.4835283063206097,0.002110206520974017
doc903,0.472166490816949,0.15007776843186676,0.3254466409835521,0.052309099767632164
doc904,0.5819240398307655,0.0023589150995338365,0.4133581956562407,0.0023588494134599443
doc905,0.4059261960757315,0.4409379921670978,0.15153297322600168,0.0016028385311691233
doc906,0.0026047918143739406,0.6253213851592349,0.36946934636306794,0.002604476663323408
doc907,0.0032898680366224855,0.9901297195285418,0.003290393670402044,0.003290018764433554
doc908,0.29454258680683915,0.0005905288135137622,0.7042762734841334,0.0005906108955138471
doc909,0.059860897533403706,0.31924553167378406,0.6065526540611799,0.014340916731632304
doc910,0.756569257992307,0.002155890736096921,0.23911916666125485,0.002155684610341234
doc911,0.3141292473845875,0.335250185661264,0.3497685699381226,0.0008519970160258783
doc912,0.0021557533933586896,0.0021555552743149917,0.9935331361337472,0.002155555198579265
doc913,0.0006786582278347652,0.6325059241487576,0.366136836563134,0.0006785810602735755
doc914,0.19113993849458338,0.0020664054104490175,0.8047271918278253,0.0020664642671423387
doc915,0.3211893403476275,0.6764680707284839,0.001171449456333302,0.0011711394675550841
doc916,0.004099306242238219,0.06701941334136813,0.9247822122248118,0.004099068191581845
doc917,0.507213152978955,0.1520981963672043,0.3391821551622632,0.001506495491577381
doc918,0.0026048679919394475,0.0026052211785740536,0.9921854071904688,0.0026045036390176485
doc919,0.31880995146387586,0.25129912643096664,0.42842854459182067,0.001462377513336783
doc920,0.8099869009911586,0.00045177970634067944,0.18910960311885278,0.00045171618364799553
doc921,0.997282053254465,0.0009059564297801596,0.0009060355225122085,0.000905954793242735
doc922,0.07300023837379471,0.3943425930328024,0.5316990814666077,0.0009580871267951748
doc923,0.8559326114633902,0.00033975799577203654,0.1433879129335179,0.0003397176073198969
doc924,0.0029077665897608265,0.11917229548898202,0.8750126321532011,0.002907305768056053
doc925,0.0015296928120362618,0.8852695438446342,0.0015294001693482804,0.11167136317398135
doc926,0.1703748202457551,0.749049395706871,0.07969381154051336,0.0008819725068606354
doc927,0.097804206416741,0.8985848322110914,0.0018054271040266556,0.0018055342681408413
doc928,0.0010268247169385595,0.0010268250078813777,0.0010267783966644757,0.9969195718785157
doc929,0.22633594791770828,0.0006695347177055411,0.7723251011352866,0.0006694162292995496
doc930,0.0010268247169385595,0.0010268250078813777,0.0010267783966644757,0.9969195718785157
doc931,0.9942735185047438,0.001908945759107734,0.0019089996214378402,0.0019085361147107467
doc932,0.0015777602545507725,0.21096655195174766,0.7858778959614229,0.0015777918322786276
doc933,0.0012924137259399796,0.001292367134564322,0.9961229815448268,0.0012922375946689347
doc934,0.9189037937475253,0.07880701911086772,0.0011445134103610837,0.0011446737312458223
doc935,0.507213152978955,0.1520981963672043,0.3391821551622632,0.001506495491577381
doc936,0.6107572185244639,0.06733621543147861,0.07988478763120246,0.2420217784128551
doc937,0.7466593949909943,0.0010376566121929722,0.2512654541155559,0.0010374942812567231
doc938,0.11206620110622766,0.7391226227548751,0.1483265731625234,0.0004846029763738882
doc939,0.7449335572898229,0.0015533027891304083,0.2519596804649806,0.001553459456065859
doc940,0.7880893627507194,0.07854817636303203,0.13236612461276256,0.0009963362734859375
doc941,0.5787921879371424,0.13958040413316158,0.0022527552027192814,0.27937465272697676
doc942,0.0015293944107312664,0.15450897043833817,0.842432518870224,0.0015291162807065536
doc943,0.8034250061231779,0.1506005642665657,0.023444868961137136,0.022529560649119283
doc944,0.8895380916201033,0.0016561253848979191,0.10714982755119115,0.0016559554438075204
doc945,0.29468793209370386,0.4976296770530788,0.20653800962678806,0.001144381226429218
doc946,0.8298257263094785,0.0011852330321290429,0.001185077147027544,0.1678039635113648
doc947,0.8880406832322024,0.1099257859153966,0.0010165842112177274,0.0010169466411832676
doc948,0.7919573289828489,0.2065649527505655,0.0007387892721961596,0.0007389289943894645
doc949,0.3211893403476275,0.6764680707284839,0.001171449456333302,0.0011711394675550841
doc950,0.0013265446648590023,0.3944547401640672,0.6028923559647216,0.001326359206352196
doc951,0.38467197668418024,0.0009768700601155847,0.6133744523078122,0.0009767009478920498
doc952,0.01562873946698471,0.9531183849975563,0.0156267929878765,0.01562608254758251
doc953,0.0015776714478104058,0.9760518517609373,0.0015776044852521666,0.02079287230600014
doc954,0.0015533029684972896,0.9953400200859652,0.0015534925217153294,0.0015531844238222557
doc955,0.001157637297689035,0.9375435752780071,0.0011577020520543708,0.06014108537224953
doc956,0.44611107764155733,0.2944556281882342,0.22134049017171636,0.0380928039984922
doc957,0.001106393374833861,0.5764943512052769,0.42129286608351035,0.0011063893363787883
doc958,0.9454235759970336,0.0010943391814628599,0.052387772877068285,0.0010943119444352255
doc959,0.31743108560790684,0.0019845232330054923,0.6786000388531159,0.0019843523059717453
doc960,0.6431226892698058,0.0017734488823951573,0.35333051590837466,0.0017733459394243362
doc961,0.5150071331640307,0.4803836690051609,0.002304797638228784,0.0023044001925796778
doc962,0.0022033587734053748,0.0022033217712846796,0.9933903695304724,0.0022029499248374346
doc963,0.27741813252321906,0.7176292876553646,0.0024759395337531393,0.0024766402876630978
doc964,0.0012439599278114832,0.053269061136577346,0.944243124340299,0.001243854595312174
doc965,0.0009963454754175125,0.023570773132801065,0.9744366017032496,0.00099627968853188
doc966,0.15166802676381214,0.6094098782132703,0.23317437994364226,0.005747715079275115
doc967,0.0010268247169385595,0.0010268250078813777,0.0010267783966644757,0.9969195718785157
doc968,0.09402435806963141,0.001106576842589013,0.9037625599450139,0.0011065051427657452
doc969,0.23654029694201764,0.002674830180881648,0.7581102697719758,0.0026746031051247776
doc970,0.8388663975871378,0.0008593166715947672,0.15941498834238896,0.0008592973988785539
doc971,0.2922036126910587,0.0009061199797722868,0.4035800099192892,0.3033102574098798
doc972,0.001400946932665541,0.043076729063619326,0.9541215149617267,0.0014008090419884722
doc973,0.3210149716552206,0.0018055330278521676,0.6753739039577715,0.0018055913591557852
doc974,0.3420011850549894,0.6562348049501769,0.0008820705040901985,0.0008819394907433777
doc975,0.0015296928120362618,0.8852695438446342,0.0015294001693482804,0.11167136317398135
doc976,0.0010268247169385595,0.0010268250078813777,0.0010267783966644757,0.9969195718785157
doc977,0.0010268247169385595,0.0010268250078813777,0.0010267783966644757,0.9969195718785157
doc978,0.8452984392213209,0.15243853283300127,0.001131617761683702,0.0011314101839943113
doc979,0.0018733575289963996,0.0018730559198470345,0.994380630861903,0.0018729556892535992
doc980,0.9976809474363928,0.0007730325712770177,0.0007730496955636584,0.0007729702967662966
doc981,0.0008742862193390602,0.8304981908046842,0.16775309793303794,0.0008744250429387152
doc982,0.8565012408974477,0.14222782823987104,0.0006354797193170095,0.0006354511433643427
doc983,0.0021555183909940327,0.002155458269475959,0.9935335160009154,0.0021555073386146204
doc984,0.7291749262654699,0.0015778335808387613,0.17139180743588991,0.09785543271780149
doc985,0.6278400733156003,0.0986308953611695,0.017028108058694185,0.2565009232645361
doc986,0.0014208045558088836,0.5447481049934156,0.45241040850593944,0.0014206819448359085
doc987,0.8427252280079272,0.0016028728896308408,0.15406895560307168,0.0016029434993702764
doc988,0.2922036126910587,0.0009061199797722868,0.4035800099192892,0.3033102574098798
doc989,0.0037886995541931523,0.9886344236858988,0.003788398882911098,0.00378847787699695
doc990,0.18284721562430611,0.05773520267118019,0.7588305897612523,0.0005869919432613743
doc991,0.27741813252321906,0.7176292876553646,0.0024759395337531393,0.0024766402876630978
doc992,0.8034250061231779,0.1506005642665657,0.023444868961137136,0.022529560649119283
doc993,0.4402185068289126,0.0023591020979159124,0.55506315170538,0.0023592393677913845
doc994,0.2273554124199057,0.6494962626611263,0.0009489867735717247,0.12219933814539628
doc995,0.5684094486516138,0.14422303390863903,0.2864615751838056,0.0009059422559417025
doc996,0.6941192483221911,0.30329581152938145,0.0012924224853091144,0.001292517663118497
doc997,0.9413319480898914,0.0007791220218239457,0.05710983536918764,0.000779094519096858
doc998,0.42555938064964816,0.2239467232442312,0.3117614502661981,0.03873244583992249
doc999,0.001157637297689035,0.9375435752780071,0.0011577020520543708,0.06014108537224953
doc1000,0.42951868908946667,0.001326573163992497,0.20927149457467814,0.3598832431718626
doc1001,0.0009313139767613796,0.3690146439780544,0.6291228615768512,0.0009311804683331816
doc1002,0.5426044263326043,0.10538321756452795,0.0006355337695183818,0.35137682233334944
doc1003,0.0015533029684972896,0.9953400200859652,0.0015534925217153294,0.0015531844238222557
doc1004,0.04326389776929982,0.9517841399190222,0.0024757796309797303,0.0024761826806981462
doc1005,0.22633594791770828,0.0006695347177055411,0.7723251011352866,0.0006694162292995496
doc1006,0.41042529323761423,0.0019089171444330835,0.5857567161389696,0.001909073478983012
doc1007,0.0014208045558088836,0.5447481049934156,0.45241040850593944,0.0014206819448359085
doc1008,0.38832392608183075,0.2393624711675326,0.37126530271384967,0.0010483000367869605
doc1009,0.32632856546309513,0.0012139763323995253,0.6712433217319046,0.001214136472600769
doc1010,0.0016840549269374733,0.0016841034211588718,0.9949479308740906,0.0016839107778130844
doc1011,0.0026744859237076363,0.12646069119432268,0.8681899840122591,0.0026748388697106188
doc1012,0.20528513863894338,0.5853451989109321,0.1648861452034932,0.044483517246631396
doc1013,0.0022531008609282597,0.002253028976328737,0.9932414443960382,0.002252425766704803
doc1014,0.2104605832303008,0.08508821539225173,0.7035021285909713,0.0009490727864762029
doc1015,0.8134607745087573,0.10016854286911488,0.08488690056328821,0.0014837820588394844
doc1016,0.6447978714013693,0.000804076246253888,0.3535940472801926,0.0008040050721842601
